,timestamp,stateEstimateX,stateEstimateY,stateEstimateZ,stateEstimateVX,stateEstimateVY,stateEstimateVZ,posCtltargetX,posCtltargetY,posCtltargetZ,posCtltargetVX,posCtltargetVY,posCtltargetVZ,kalmanStateX,kalmanStateY,kalmanStateZ,kalmanVarX,kalmanVarY,kalmanVarZ,velocity,errorX,errorY,errorZ,error
0,1746550229737764254,-0.6091904044151306,-0.7672527432441711,0.36912691593170166,0.02810860425233841,0.03507554531097412,-0.12072033435106277,-0.5482717156410217,-0.7480484247207642,0.34999850392341614,0.08188307285308838,0.07077693939208984,-0.01751508004963398,-0.609703540802002,-0.7679427862167358,0.37158888578414917,1.1300325013507972e-06,1.0998791140082176e-06,1.2298727369852713e-06,0.12881687248846388,0.06091868877410889,0.019204318523406982,-0.019128412008285522,0.06667674735516074
1,1746550229835996059,-0.6067487001419067,-0.7600017786026001,0.3708634078502655,0.051181212067604065,0.0706854909658432,-0.02720744162797928,-0.5487017631530762,-0.7526262402534485,0.3499985337257385,0.07545065879821777,0.04636800289154053,-0.019533226266503334,-0.6024854183197021,-0.7535670399665833,0.37063130736351013,1.0238646837024135e-06,1.0001562031902722e-06,1.139705545938341e-06,0.09141225290808262,0.058046936988830566,0.007375538349151611,-0.020864874124526978,0.062122366599779724
2,1746550229936647976,-0.602615475654602,-0.7548028826713562,0.3483142554759979,0.04639193043112755,0.04306546971201897,-0.15678077936172485,-0.5471721887588501,-0.7617401480674744,0.3499985933303833,0.0637826919555664,0.021547675132751465,0.007254080846905708,-0.6004596948623657,-0.7518524527549744,0.3580731153488159,1.3401025853454485e-06,1.278461695619626e-06,1.822018134589598e-06,0.16907707907316488,0.05544328689575195,-0.006937265396118164,0.001684337854385376,0.05590099021474087
3,1746550230034056336,-0.6042695641517639,-0.7488707900047302,0.3375925123691559,0.01849697157740593,0.04061204940080643,-0.11631164699792862,-0.5467303991317749,-0.7721460461616516,0.34999868273735046,0.06418836116790771,-0.005933403968811035,0.04946507513523102,-0.6031104922294617,-0.7502883076667786,0.3360389471054077,2.100240635627415e-06,1.3246001344668912e-06,1.619726390345022e-06,0.12457879330544049,0.057539165019989014,-0.023275256156921387,0.01240617036819458,0.06329617779591833
4,1746550230134506844,-0.592269241809845,-0.7403148412704468,0.356874942779541,0.06399271637201309,0.03821893781423569,0.06834178417921066,-0.5483536720275879,-0.7853295803070068,0.34999880194664,0.03881180286407471,-0.05465984344482422,0.010640367865562439,-0.5918105244636536,-0.739374577999115,0.3554300367832184,1.3032258721068501e-06,1.2021342854495742e-06,1.4316738088382408e-06,0.10112543904040731,0.04391556978225708,-0.04501473903656006,-0.006876140832901001,0.06326282725727474
5,1746550230235553857,-0.5887768864631653,-0.7368940114974976,0.340993195772171,0.04978165775537491,0.013165500946342945,-0.04674597457051277,-0.551944375038147,-0.7999701499938965,0.34999895095825195,0.029767513275146484,-0.09088051319122314,0.038626279681921005,-0.5893860459327698,-0.7370437979698181,0.34146374464035034,3.8051416595408227e-06,3.262917971369461e-06,2.903142558352556e-06,0.06954660309884633,0.03683251142501831,-0.06307613849639893,0.009005755186080933,0.07359576599209106
6,1746550230334659619,-0.5854543447494507,-0.7372579574584961,0.33683955669403076,0.037802282720804214,-0.02639806643128395,-0.005395670887082815,-0.557526707649231,-0.8152828216552734,0.3499991297721863,0.017420649528503418,-0.12625432014465332,0.05620245635509491,-0.5858239531517029,-0.7370026111602783,0.33304235339164734,9.703041541797575e-06,9.000276804727037e-06,4.008313680969877e-06,0.04642180257740759,0.027927637100219727,-0.07802486419677734,0.013159573078155518,0.08391070676931778
7,1746550230434315027,-0.5493996739387512,-0.7587906718254089,0.3709254860877991,0.11912249028682709,-0.11532026529312134,0.17982152104377747,-0.5640449523925781,-0.8309659361839294,0.3499993085861206,-0.059565186500549316,-0.12370145320892334,-0.015272550284862518,-0.5519638657569885,-0.7563275694847107,0.36711883544921875,1.341813458566321e-06,1.5708045566498186e-06,1.5100321206773515e-06,0.2445909047980092,-0.014645278453826904,-0.07217526435852051,-0.020926177501678467,0.07656146466104342
8,1746550230534865027,-0.5635426640510559,-0.7363086938858032,0.4316326975822449,-0.010908958502113819,-0.020417986437678337,0.29427987337112427,-0.563624918460846,-0.8511326909065247,0.34999948740005493,-0.035070180892944336,-0.1985076665878296,-0.13031645119190216,-0.5646941661834717,-0.7376713156700134,0.4221256971359253,1.0716947826949763e-06,1.0526604228289216e-06,1.155899099103408e-06,0.29518899609757643,-8.225440979003906e-05,-0.11482399702072144,-0.08163321018218994,0.14088483971759408
9,1746550230634520912,-0.5657999515533447,-0.7487336993217468,0.4174366593360901,-0.020133594051003456,-0.08836452662944794,-0.1315460354089737,-0.5632042288780212,-0.8698641061782837,0.34999963641166687,-0.03568220138549805,-0.20647573471069336,-0.1312810331583023,-0.5668588280677795,-0.7508713006973267,0.42351022362709045,1.3676601611223305e-06,1.2145379741923534e-06,1.5184550647973083e-06,0.1597435776727064,0.0025957226753234863,-0.12113040685653687,-0.06743702292442322,0.13866169370935336
10,1746550230734745236,-0.5690584778785706,-0.7628593444824219,0.39864563941955566,-0.040672048926353455,-0.15733744204044342,-0.24035292863845825,-0.5647947192192078,-0.8849331140518188,0.3499998152256012,-0.042983293533325195,-0.22821009159088135,-0.09617386758327484,-0.5589896440505981,-0.7491745948791504,0.39918917417526245,1.401712438564573e-06,1.2815995660275803e-06,1.3239732652436942e-06,0.290135858757206,0.004263758659362793,-0.12207376956939697,-0.04864582419395447,0.13147851941019356
11,1746550230834025068,-0.5701027512550354,-0.7748255729675293,0.38185757398605347,-0.04069853201508522,-0.1897585093975067,-0.189496248960495,-0.5697898864746094,-0.8948158621788025,0.34999993443489075,-0.03912973403930664,-0.2156970500946045,-0.057103559374809265,-0.5697857737541199,-0.7729226350784302,0.3838086724281311,1.2140874332544627e-06,1.178012098534964e-06,1.1996921784884762e-06,0.27124433776033824,0.0003128647804260254,-0.1199902892112732,-0.03185763955116272,0.12414780137862942
12,1746550230934859987,-0.5818145275115967,-0.803376317024231,0.371196985244751,-0.08733055740594864,-0.2565053701400757,-0.08864765614271164,-0.5768505930900574,-0.9000348448753357,0.3500000834465027,-0.023752808570861816,-0.17489516735076904,-0.019635340198874474,-0.578927755355835,-0.7969799041748047,0.3722459375858307,1.00006400316488e-06,1.00006400316488e-06,1.0833839496626751e-06,0.28509654173126575,0.004963934421539307,-0.09665852785110474,-0.02119690179824829,0.09907986827367463
13,1746550231034051206,-0.5822945237159729,-0.8171799182891846,0.35691937804222107,-0.052113067358732224,-0.2210758477449417,-0.10813884437084198,-0.5801319479942322,-0.9043771028518677,0.35000017285346985,-0.018925070762634277,-0.15725243091583252,-0.02845844253897667,-0.5837820768356323,-0.8165333271026611,0.3683825135231018,1.5745853261250886e-06,1.5279999843187397e-06,2.0037182366650086e-06,0.25156373329146947,0.0021625757217407227,-0.0871971845626831,-0.006919205188751221,0.08749800643360353
14,1746550231134911581,-0.5921431183815002,-0.8418810367584229,0.3619367778301239,-0.05216966196894646,-0.20306998491287231,0.024624787271022797,-0.5807773470878601,-0.9075714945793152,0.3500002920627594,-0.0007913112640380859,-0.11142349243164062,0.0005593327805399895,-0.5917074084281921,-0.8399586081504822,0.36173418164253235,1.00006400316488e-06,1.00006400316488e-06,1.04232412923011e-06,0.21110535888653195,0.011365771293640137,-0.06569045782089233,-0.011936485767364502,0.06772663211981136
15,1746550231235161678,-0.5990118980407715,-0.8656322360038757,0.3653070330619812,-0.03673281520605087,-0.18245428800582886,0.038246121257543564,-0.5825350880622864,-0.9079859852790833,0.35000038146972656,0.007917642593383789,-0.07170450687408447,-0.0223163403570652,-0.5983544588088989,-0.8617175221443176,0.36454498767852783,1.0991356020895182e-06,1.0615530072755064e-06,1.1618335520324763e-06,0.19000429657226847,0.016476809978485107,-0.04235374927520752,-0.015306651592254639,0.04795434211519244
16,1746550231333947275,-0.5994107127189636,-0.879478931427002,0.37160950899124146,-0.015475258231163025,-0.14015695452690125,0.022322004660964012,-0.5822433233261108,-0.9085618853569031,0.3500005006790161,0.003820657730102539,-0.053908467292785645,-0.03709686920046806,-0.5967737436294556,-0.8718489408493042,0.37149932980537415,1.1201369716218323e-06,1.0933762268905411e-06,1.1932503412026563e-06,0.14276458738658246,0.017167389392852783,-0.029082953929901123,-0.021609008312225342,0.04009347463231903
17,1746550231434701116,-0.5998026132583618,-0.8855022192001343,0.3698861598968506,-0.003722325898706913,-0.08992641419172287,-0.036311741918325424,-0.5806493759155273,-0.9096051454544067,0.35000061988830566,0.0032033920288085938,-0.0438847541809082,-0.04946150630712509,-0.5967586636543274,-0.8775521516799927,0.3772318363189697,1.046391162162763e-06,1.000003976514563e-06,1.1358706615283154e-06,0.09705234814583598,0.019153237342834473,-0.02410292625427246,-0.019885540008544922,0.03665013309882089
18,1746550231533557214,-0.5983728170394897,-0.8887015581130981,0.3597307503223419,0.008660746738314629,-0.04366146773099899,-0.08695615082979202,-0.5804281830787659,-0.9097462892532349,0.35000061988830566,0.006610989570617676,-0.02348029613494873,-0.016482200473546982,-0.5985700488090515,-0.8878893256187439,0.3614988327026367,1.043972361003398e-06,1.0000202337323572e-06,1.1630918379523791e-06,0.09768676709577317,0.017944633960723877,-0.02104473114013672,-0.009730130434036255,0.02931835662189072
19,1746550231633162235,-0.6038718819618225,-0.9006608128547668,0.35597893595695496,-0.016184305772185326,-0.056345462799072266,-0.04613378643989563,-0.5817841291427612,-0.9088797569274902,0.35000061988830566,0.016818642616271973,0.0003325939178466797,-0.008573533967137337,-0.6035720705986023,-0.8994354009628296,0.3569568693637848,1.0987937457684893e-06,1.0550277238507988e-06,1.149444983639114e-06,0.07459939130214888,0.02208775281906128,-0.008218944072723389,-0.005978316068649292,0.024313784758510443
20,1746550231733841081,-0.6099680662155151,-0.9078767895698547,0.3277705907821655,-0.03044639155268669,-0.04421975463628769,-0.13353055715560913,-0.5809028744697571,-0.9094432592391968,0.35000061988830566,0.027187824249267578,0.015263080596923828,0.03681756556034088,-0.6087749600410461,-0.9068930745124817,0.3349924385547638,2.753374019448529e-06,1.8266742927153246e-06,2.2705546598444926e-06,0.1439193494737952,0.029065191745758057,-0.001566469669342041,0.022230029106140137,0.03662531081782772
21,1746550231832627216,-0.5845640897750854,-0.924443781375885,0.3237347900867462,0.10463342815637589,-0.07845471054315567,-0.0207363311201334,-0.5818686485290527,-0.9088256359100342,0.35000061988830566,0.0317150354385376,0.020439982414245605,0.06758645176887512,-0.611072301864624,-0.9106915593147278,0.3181924819946289,7.151740646804683e-06,5.638554284814745e-06,3.6137992083240533e-06,0.13241333513845813,0.002695441246032715,0.01561814546585083,0.026265829801559448,0.03067711991807216
22,1746550231933129291,-0.5981248617172241,-0.8960406184196472,0.3884361982345581,0.03426530957221985,0.05469205230474472,0.2922028601169586,-0.5834050178527832,-0.9078401923179626,0.35000061988830566,0.0036020278930664062,-0.00786292552947998,-0.04937802627682686,-0.5970457792282104,-0.8960159420967102,0.37753307819366455,1.0939942285403959e-06,1.0584052461126703e-06,1.156172288574453e-06,0.29924545691775484,0.014719843864440918,-0.01179957389831543,-0.03843557834625244,0.04281585489495959
23,1746550232032283340,-0.5964241027832031,-0.8937525153160095,0.3970952332019806,0.026854924857616425,0.04577065631747246,0.12083684653043747,-0.5808660984039307,-0.9094667434692383,0.35000061988830566,0.002938389778137207,-0.011620640754699707,-0.08783406764268875,-0.5967079401016235,-0.8942263126373291,0.3958134353160858,1.111253141061752e-06,1.0835025250344188e-06,1.220826447934087e-06,0.13197607149881718,0.015558004379272461,-0.01571422815322876,-0.04709461331367493,0.05202779132234767
24,1746550232132539582,-0.58822101354599,-0.8869141936302185,0.391846239566803,0.03930875286459923,0.026214582845568657,-0.07547306269407272,-0.5785579681396484,-0.9109368324279785,0.35000061988830566,-0.036711692810058594,-0.05168652534484863,-0.07947003841400146,-0.5765082240104675,-0.8745601177215576,0.3905602991580963,1.994362946788897e-06,1.572797714288754e-06,1.9035043123949436e-06,0.08904249321509788,0.009663045406341553,-0.02402263879776001,-0.041845619678497314,0.04920891695221614
25,1746550232232972366,-0.593987762928009,-0.8950394988059998,0.37283629179000854,-0.029514435678720474,-0.06253032386302948,-0.18932853639125824,-0.5785750150680542,-0.9109259843826294,0.35000061988830566,-0.00029146671295166016,0.0007890462875366211,-0.03323642536997795,-0.5918543934822083,-0.8955204486846924,0.36539724469184875,1.43942850172607e-06,1.2386545904519153e-06,1.4582694802811602e-06,0.2015600109344725,0.015412747859954834,-0.01588648557662964,-0.02283567190170288,0.031802533417531795
26,1746550232332342052,-0.6009417176246643,-0.9042792916297913,0.35785743594169617,-0.05513530969619751,-0.0882076621055603,-0.12507697939872742,-0.5818124413490295,-0.9088616371154785,0.35000061988830566,0.010046958923339844,0.006927013397216797,-0.01909594237804413,-0.5977548956871033,-0.8989475965499878,0.35904818773269653,1.3026261740378686e-06,1.221728894051921e-06,1.4108169352766708e-06,0.16267988445082568,0.019129276275634766,-0.004582345485687256,-0.007856816053390503,0.021181516930488625
27,1746550232432879906,-0.606686532497406,-0.9102838635444641,0.34560540318489075,-0.046528857201337814,-0.06376435607671738,-0.07106563448905945,-0.584865152835846,-0.9069002270698547,0.35000061988830566,0.0214691162109375,0.01954174041748047,0.0064215101301670074,-0.6063313484191895,-0.9096899032592773,0.34635069966316223,1.5482675053135608e-06,1.4051266816750285e-06,1.6732128642615862e-06,0.10621276789385298,0.02182137966156006,0.003383636474609375,0.004395216703414917,0.022515317808021976
28,1746550232532679138,-0.6034829616546631,-0.9026204347610474,0.36146220564842224,0.006531042046844959,0.003969275392591953,0.0902675986289978,-0.5871065258979797,-0.9054507613182068,0.35000061988830566,0.020417094230651855,0.01478588581085205,-0.023164138197898865,-0.6056152582168579,-0.9073582887649536,0.3610741198062897,1.00006400316488e-06,1.00006400316488e-06,1.0002560202337918e-06,0.09059055701123456,0.01637643575668335,-0.002830326557159424,-0.011461585760116577,0.020188272453319177
29,1746550232632081761,-0.6028802990913391,-0.9011965394020081,0.36666926741600037,0.02300518937408924,0.03299085050821304,0.05444571375846863,-0.586376965045929,-0.9059234261512756,0.35000061988830566,0.01872885227203369,0.01251840591430664,-0.020633075386285782,-0.6047658324241638,-0.9062247276306152,0.3594929277896881,1.2224834335938795e-06,1.170028667729639e-06,1.2205806569909328e-06,0.06769025559164384,0.016503334045410156,-0.004726886749267578,-0.016668647527694702,0.023927960702018008
30,1746550232732531267,-0.583372950553894,-0.8808034062385559,0.3549443185329437,0.10948288440704346,0.11467313766479492,-0.08967723697423935,-0.5840617418289185,-0.9074178338050842,0.35000061988830566,-0.02188551425933838,-0.037157297134399414,-0.01368723064661026,-0.583879292011261,-0.8812962174415588,0.3555276393890381,2.0246502572263125e-06,1.7694788994049304e-06,2.022201442741789e-06,0.18214949165811287,-0.0006887912750244141,-0.02661442756652832,-0.0049436986446380615,0.027078447968883455
31,1746550232832985038,-0.6015114784240723,-0.9000188112258911,0.3386399447917938,-0.030016640201210976,-0.04093603789806366,-0.11999975889921188,-0.5839020609855652,-0.907520592212677,0.35000061988830566,0.019337177276611328,0.016191720962524414,0.0367126390337944,-0.6050156950950623,-0.9070470929145813,0.33256420493125916,2.5595584247639636e-06,1.2995359384149197e-06,1.8970540622831322e-06,0.13029466613652932,0.01760941743850708,-0.007501780986785889,0.01136067509651184,0.022258329657586704
32,1746550232935400237,-0.6038248538970947,-0.9002704620361328,0.3535445034503937,-0.03310058265924454,-0.034593723714351654,0.07213921844959259,-0.5853211283683777,-0.9066059589385986,0.35000061988830566,0.0026246309280395508,-0.016789793968200684,0.01031099446117878,-0.5997025370597839,-0.8939219117164612,0.35363420844078064,1.3026348142375355e-06,1.0978252475979389e-06,1.4710818732055486e-06,0.08658199080250129,0.01850372552871704,-0.00633549690246582,-0.0035438835620880127,0.01987675753599883
33,1746550233031949294,-0.6124162077903748,-0.9102197885513306,0.3505139648914337,-0.05386551469564438,-0.04982317239046097,0.011680836789309978,-0.585404098033905,-0.9065523743629456,0.35000061988830566,0.03292989730834961,0.019698143005371094,-0.0024626590311527252,-0.6114104390144348,-0.9092756509780884,0.3502458333969116,1.0892713362409268e-06,1.0000202337323572e-06,1.0000809425037005e-06,0.07429861458045345,0.027012109756469727,0.0036674141883850098,-0.0005133450031280518,0.027264767070653128
34,1746550233132006645,-0.6122472882270813,-0.9031790494918823,0.3645552098751068,-0.011665038764476776,0.0028221621178090572,0.05679914727807045,-0.5843225121498108,-0.907249927520752,0.35000061988830566,0.033484578132629395,0.006743192672729492,-0.030007250607013702,-0.6119569540023804,-0.9031888842582703,0.3633359670639038,1.0985326071022428e-06,1.0683158961910522e-06,1.17163483537297e-06,0.05805325882249747,0.027924776077270508,-0.004070878028869629,-0.014554589986801147,0.03175218506773234
35,1746550233234542979,-0.608863890171051,-0.8993292450904846,0.3655395209789276,0.019403573125600815,0.023630009964108467,0.002127439249306917,-0.5852811336517334,-0.9066317677497864,0.35000061988830566,0.03204059600830078,0.00908505916595459,-0.039043668657541275,-0.6114447116851807,-0.9044398665428162,0.3678925037384033,1.0000202337323572e-06,1.0000202337323572e-06,1.0183421181864105e-06,0.030649665882418606,0.023582756519317627,-0.007302522659301758,-0.015538901090621948,0.029170716298081635
36,1746550233331813512,-0.6072307229042053,-0.897592306137085,0.3620588481426239,0.04299303516745567,0.04614359140396118,-0.03713246062397957,-0.5859864950180054,-0.9061760306358337,0.35000061988830566,0.03024590015411377,0.00437772274017334,-0.015581661835312843,-0.6106708645820618,-0.9021944403648376,0.3569850027561188,1.1044168104490382e-06,1.0890240673688822e-06,1.0998230663972208e-06,0.07318778403912223,0.02124422788619995,-0.00858372449874878,-0.012058228254318237,0.025892053093265012
37,1746550233432510374,-0.5981783866882324,-0.8898119330406189,0.3295918107032776,0.06570357084274292,0.055380940437316895,-0.1794072538614273,-0.5884001851081848,-0.9046106338500977,0.35000061988830566,0.006532192230224609,-0.019716858863830566,0.03406332805752754,-0.5989388823509216,-0.890428364276886,0.33315837383270264,2.8665897389146267e-06,2.9457251002895646e-06,2.3037055143504404e-06,0.19892453474447944,0.009778201580047607,-0.01479870080947876,0.020408809185028076,0.027039494524480283
38,1746550233530921228,-0.5930866003036499,-0.8859041929244995,0.3054414689540863,0.049535419791936874,0.03156929463148117,-0.12043441087007523,-0.5940781831741333,-0.9008919596672058,0.35000061988830566,-0.0040318965911865234,-0.02907419204711914,0.08510709553956985,-0.5937684774398804,-0.886989951133728,0.3081340193748474,7.568657110823551e-06,8.119602171063889e-06,3.1984895940695424e-06,0.13399561746234379,-0.0009915828704833984,-0.014987766742706299,0.04455915093421936,0.04702270005541314
39,1746550233631917195,-0.6088318824768066,-0.9077115654945374,0.37093883752822876,-0.027545645833015442,-0.07377883046865463,0.324893057346344,-0.5987820029258728,-0.8977724313735962,0.35000061988830566,0.031900882720947266,0.025127410888671875,-0.03362422436475754,-0.6108577251434326,-0.9118425250053406,0.36357614398002625,9.999999974752427e-07,9.999999974752427e-07,1.0027447387983557e-06,0.3343016259929574,0.010049879550933838,0.009939134120941162,-0.020938217639923096,0.02526253003954912
40,1746550233732235521,-0.6166766881942749,-0.9232564568519592,0.3861507177352905,-0.038796115666627884,-0.09036213904619217,0.15767863392829895,-0.5997393727302551,-0.8971331119537354,0.35000061988830566,0.04204285144805908,0.04431331157684326,-0.07093752920627594,-0.615856945514679,-0.9213751554489136,0.38269758224487305,1.5219568467728095e-06,1.0000202337323572e-06,1.3216430261309142e-06,0.18583058510728595,0.016937315464019775,0.026123344898223877,-0.03615009784698486,0.047708818662233324
41,1746550233831376191,-0.6165443658828735,-0.9222270250320435,0.39902862906455994,-0.0023242924362421036,-0.019796909764409065,0.04645039886236191,-0.5968682169914246,-0.8990459442138672,0.35000061988830566,0.04247617721557617,0.04394710063934326,-0.10093223303556442,-0.6164817810058594,-0.9217700958251953,0.39783722162246704,1.0000202337323572e-06,1.0000202337323572e-06,1.0000809425037005e-06,0.050546607463031974,0.019676148891448975,0.02318108081817627,-0.04902800917625427,0.057691065399108045
42,1746550233932668216,-0.6141654253005981,-0.9207027554512024,0.3885951042175293,0.029860546812415123,0.013690055347979069,-0.09824170917272568,-0.5956546068191528,-0.8998504281044006,0.35000061988830566,0.04243004322052002,0.053426146507263184,-0.07939217984676361,-0.6165454387664795,-0.9267792701721191,0.3867616057395935,1.2850938446717919e-06,1.000003976514563e-06,1.1629172149696387e-06,0.10358814262523282,0.018510818481445312,0.020852327346801758,-0.03859448432922363,0.04761306729533272
43,1746550234031361420,-0.603367805480957,-0.9107365012168884,0.3796358108520508,0.07885881513357162,0.06659529358148575,-0.12393209338188171,-0.5951130390167236,-0.900208592414856,0.35000061988830566,0.027653098106384277,0.03301692008972168,-0.07778807729482651,-0.6091704368591309,-0.9165636897087097,0.3849894106388092,1.3293324627738912e-06,1.2792578445441904e-06,1.6016998642953695e-06,0.16128487102481295,0.008254766464233398,0.01052790880203247,-0.029635190963745117,0.03251495927385709
44,1746550234131377623,-0.6044007539749146,-0.920463502407074,0.3644259572029114,0.03247774392366409,0.005044956691563129,-0.162405326962471,-0.5983671545982361,-0.8980489373207092,0.35000061988830566,0.01618790626525879,0.03241229057312012,-0.04351687431335449,-0.6033790707588196,-0.9162920117378235,0.36724409461021423,1.0990236205543624e-06,1.063701688508445e-06,1.1532245025591692e-06,0.16569775395031147,0.006033599376678467,0.022414565086364746,-0.014425337314605713,0.027329606767922808
45,1746550234230658390,-0.6049489974975586,-0.9163186550140381,0.34967267513275146,0.0025175618939101696,-0.004178143572062254,-0.09292745590209961,-0.5987526774406433,-0.8977919220924377,0.35000061988830566,0.011261582374572754,0.018993020057678223,-0.010441413149237633,-0.6009344458580017,-0.9095765352249146,0.3506094813346863,1.2434230711733107e-06,1.1822553460660856e-06,1.3999851944390684e-06,0.09305539781245954,0.006196320056915283,0.018526732921600342,0.0003279447555541992,0.01953821288549022
46,1746550234331087687,-0.6053093075752258,-0.9118943214416504,0.3401976525783539,0.0002673716517165303,0.01951487548649311,-0.03331555426120758,-0.6003659963607788,-0.8967138528823853,0.35000061988830566,0.02571094036102295,0.037485361099243164,0.017119746655225754,-0.6079122424125671,-0.9187431931495667,0.3376808762550354,1.3630707371703465e-06,1.000020688479708e-06,1.3189967376092682e-06,0.03861124199744082,0.0049433112144470215,0.015180468559265137,0.009802967309951782,0.01873449010573008
47,1746550234431598660,-0.6062182784080505,-0.915059506893158,0.33865177631378174,-0.014311016537249088,-0.017437346279621124,-0.033760081976652145,-0.6012048125267029,-0.9068817496299744,0.3500007688999176,0.01931619644165039,0.004630923271179199,0.014279454946517944,-0.6049258708953857,-0.91303950548172,0.33892369270324707,1.084799009731796e-06,1.000020688479708e-06,1.0398949825685122e-06,0.04060307100054264,0.005013465881347656,0.008177757263183594,0.011348992586135864,0.014859683264429154
48,1746550234530463151,-0.6117227673530579,-0.91377192735672,0.33198145031929016,-0.034417904913425446,-0.013096742331981659,-0.06398653239011765,-0.602557361125946,-1.0038918256759644,0.3500003516674042,0.028674960136413574,-0.1885014772415161,0.03177130967378616,-0.6100645661354065,-0.9139071106910706,0.3309726119041443,1.8182388430432184e-06,1.474076384511136e-06,1.5655045899620745e-06,0.07382677810694091,0.009165406227111816,-0.09011989831924438,0.018018901348114014,0.09235952333231258
49,1746550234630974896,-0.6081053018569946,-0.9076991081237793,0.3527058959007263,0.012147314846515656,-0.020134033635258675,0.11983972042798996,-0.6034237742424011,-1.1022428274154663,0.35000061988830566,0.018691301345825195,-0.4062213897705078,-0.011171722784638405,-0.6063625812530518,-0.9036850333213806,0.35074281692504883,1.092873958441487e-06,1.0606760270093218e-06,1.163822503258416e-06,0.1221249162155901,0.004681527614593506,-0.194543719291687,-0.0027052760124206543,0.194618842702736
50,1746550234730270201,-0.6023285388946533,-0.910332977771759,0.36555981636047363,0.04381101578474045,-0.10146540403366089,0.09267016500234604,-0.6016740798950195,-1.2018839120864868,0.35000061988830566,0.01043558120727539,-0.5973619222640991,-0.04469110071659088,-0.6026147603988647,-0.9056844115257263,0.3670658767223358,1.1065341141147655e-06,1.092004140446079e-06,1.2887239790870808e-06,0.14423034632616974,0.0006544589996337891,-0.2915509343147278,-0.015559196472167969,0.2919665463905624
51,1746550234830738982,-0.6022206544876099,-0.9340522885322571,0.3520098626613617,0.019949238747358322,-0.2799636423587799,-0.12477341294288635,-0.5999437570571899,-1.30433988571167,0.35000112652778625,0.011602997779846191,-0.74989914894104,-0.01480184681713581,-0.6026615500450134,-0.9289437532424927,0.35425126552581787,1.48347646700131e-06,1.2425142585925641e-06,1.3483445400197525e-06,0.307157968717743,0.002276897430419922,-0.37028759717941284,-0.0020087361335754395,0.37030004578404535
52,1746550234930203087,-0.6028991937637329,-0.9646536111831665,0.3164849877357483,0.007531215436756611,-0.42664238810539246,-0.2425759732723236,-0.6049339771270752,-1.4049174785614014,0.35000041127204895,0.009468317031860352,-0.8954254388809204,0.05468882620334625,-0.603191614151001,-0.9573157429695129,0.3212352693080902,4.825231826544041e-06,4.260893547325395e-06,2.6639154384611174e-06,0.49083963709468514,-0.002034783363342285,-0.44026386737823486,0.03351542353630066,0.44154240665760897
53,1746550235030645016,-0.6019402742385864,-1.0091601610183716,0.30635347962379456,0.011091358959674835,-0.6084362268447876,-0.07938202470541,-0.5664040446281433,-1.4531515836715698,0.3500003218650818,0.09959578514099121,-0.928267240524292,0.08751243352890015,-0.6026582717895508,-0.9973286390304565,0.30331656336784363,1.143540157499956e-05,1.084352425095858e-05,3.3613398500165204e-06,0.6136930553843872,0.035536229610443115,-0.44399142265319824,0.04364684224128723,0.4475446947983775
54,1746550235131069437,-0.5840097665786743,-1.0740009546279907,0.3643759787082672,0.08405684679746628,-0.8034892678260803,0.30388474464416504,-0.47311848402023315,-1.4635753631591797,0.3500005900859833,0.2610675096511841,-0.8042473793029785,-0.03146851807832718,-0.5874724388122559,-1.0704913139343262,0.3633793592453003,1.1040078788937535e-06,1.057181407304597e-06,1.2035631016260595e-06,0.863137587544809,0.11089128255844116,-0.38957440853118896,-0.014375388622283936,0.4053045128393261
55,1746550235229517561,-0.5884955525398254,-1.1614618301391602,0.3980563282966614,0.05219954252243042,-0.9075273275375366,0.24670542776584625,-0.3688756823539734,-1.4660319089889526,0.3500002920627594,0.46742212772369385,-0.6410596370697021,-0.10084501653909683,-0.5880262851715088,-1.1530442237854004,0.39726313948631287,1.103072918340331e-06,1.0595409776215092e-06,1.169333586403809e-06,0.9419098739030733,0.21961987018585205,-0.3045700788497925,-0.04805603623390198,0.37855673673774903
56,1746550235329770484,-0.5777696371078491,-1.2467759847640991,0.3932419419288635,0.14704924821853638,-0.844613790512085,-0.04040432348847389,-0.25006675720214844,-1.4688280820846558,0.3500003218650818,0.6732950210571289,-0.452472448348999,-0.09535327553749084,-0.5749632716178894,-1.2478185892105103,0.39296549558639526,2.143342499039136e-06,1.2626932175408e-06,1.6785472780611599e-06,0.8582706134322613,0.3277028799057007,-0.22205209732055664,-0.04324162006378174,0.3982036528319253
57,1746550235430300928,-0.5562636852264404,-1.3255953788757324,0.38256996870040894,0.29094091057777405,-0.7385444641113281,-0.1551750898361206,-0.1477598249912262,-1.4711341857910156,0.35000112652778625,0.8145415186882019,-0.30755066871643066,-0.08574272692203522,-0.5598213076591492,-1.315330147743225,0.38754281401634216,1.6876954305189429e-06,1.407762965754955e-06,1.9348235582583584e-06,0.8088101430020281,0.40850386023521423,-0.1455388069152832,-0.03256884217262268,0.4348766234529752
58,1746550235529489904,-0.518704354763031,-1.3877341747283936,0.36287903785705566,0.479454904794693,-0.5661794543266296,-0.18567995727062225,-0.047755248844623566,-1.4707937240600586,0.3500012159347534,0.9396731853485107,-0.1820516586303711,-0.048395730555057526,-0.5232143998146057,-1.3776456117630005,0.3682890832424164,1.1393003660487011e-06,1.0757498785096686e-06,1.1826755326183047e-06,0.7647961994971656,0.47094910591840744,-0.08305954933166504,-0.012877821922302246,0.4783908312227453
59,1746550235629850024,-0.4620954692363739,-1.4300148487091064,0.34725049138069153,0.6805548071861267,-0.35824722051620483,-0.13586366176605225,0.05019184574484825,-1.4705215692520142,0.35000038146972656,1.0331414937973022,-0.0757899284362793,-0.0028173821046948433,-0.46813279390335083,-1.4320701360702515,0.34529176354408264,1.3051811720288242e-06,1.149566742242314e-06,1.3692741731574642e-06,0.780996063485734,0.5122873149812222,-0.040506720542907715,0.002749890089035034,0.5138936168073241
60,1746550235729764136,-0.386624276638031,-1.4666327238082886,0.33074331283569336,0.856657862663269,-0.2454371303319931,-0.11928730458021164,0.14633621275424957,-1.471018671989441,0.3500005304813385,1.0915734767913818,-0.015912532806396484,0.026896242052316666,-0.39508241415023804,-1.4642492532730103,0.3306872844696045,1.135647835326381e-06,1.0000202337323572e-06,1.1783187119362992e-06,0.8990725997617858,0.5329604893922806,-0.004385948181152344,0.01925721764564514,0.5333263168325362
61,1746550235831155019,-0.2897586524486542,-1.4818376302719116,0.3228605389595032,1.0122488737106323,-0.09648581594228745,-0.02777315303683281,0.23903635144233704,-1.4725664854049683,0.3500003218650818,1.100000023841858,0.022802114486694336,0.05078748241066933,-0.30982181429862976,-1.4851438999176025,0.32000136375427246,1.0000202337323572e-06,1.0000202337323572e-06,1.0000809425037005e-06,1.0172161240543232,0.5287950038909912,0.00927114486694336,0.027139782905578613,0.5295721651327411
62,1746550235930012967,-0.18740177154541016,-1.4961864948272705,0.31899595260620117,1.0859001874923706,-0.03343580290675163,0.015976589173078537,0.33358290791511536,-1.4743571281433105,0.35000044107437134,1.0965229272842407,0.03841114044189453,0.05343228578567505,-0.20886069536209106,-1.4953991174697876,0.31873619556427,1.1079898740717908e-06,1.0000202337323572e-06,1.0000809425037005e-06,1.0865322919792078,0.5209846794605255,0.02182936668395996,0.031004488468170166,0.522362743491132
63,1746550236030346410,-0.08165356516838074,-1.4886995553970337,0.33295488357543945,1.1029375791549683,0.071917824447155,0.11364664882421494,0.4348374009132385,-1.4745675325393677,0.3500009775161743,1.0816422700881958,0.027833938598632812,0.029404383152723312,-0.10334880650043488,-1.4900175333023071,0.3302919864654541,1.6075017583716544e-06,1.1053024309148896e-06,1.4260173202274018e-06,1.1111071225468803,0.5164909660816193,0.014132022857666016,0.017046093940734863,0.5169653774022109
64,1746550236130237469,0.025709016248583794,-1.481466293334961,0.34093350172042847,1.0973862409591675,0.09061116725206375,0.08742198348045349,0.5375125408172607,-1.4741485118865967,0.3500005602836609,1.0651482343673706,0.01647210121154785,0.012887416407465935,0.004497726447880268,-1.482857346534729,0.340884268283844,4.7913440539559815e-06,3.882284545397852e-06,3.1575857519783312e-06,1.1045856909597056,0.511803524568677,0.007317781448364258,0.009067058563232422,0.5119361378504504
65,1746550236229150040,0.13597141206264496,-1.4811148643493652,0.34956276416778564,1.0967192649841309,0.044895969331264496,0.05291639640927315,0.6491063237190247,-1.4704136848449707,0.35000041127204895,1.0468826293945312,0.01959061622619629,-0.005135514307767153,0.11493097990751266,-1.4805727005004883,0.3483118712902069,5.688204964826582e-06,1.739966137392912e-06,1.9470999177428894e-06,1.0989126167527923,0.5131349116563797,0.010701179504394531,0.00043764710426330566,0.5132466700704192
66,1746550236329354362,0.22118793427944183,-1.503395676612854,0.3461492657661438,1.0043081045150757,-0.051620278507471085,-0.03165191039443016,0.764363706111908,-1.46352219581604,0.350000262260437,1.078453779220581,0.07463765144348145,0.0003378111869096756,0.20113684237003326,-1.5023998022079468,0.3467019498348236,1.0000644579122309e-06,1.0000644579122309e-06,1.0002580665968708e-06,1.0061318330017543,0.5431757718324661,0.039873480796813965,0.003850996494293213,0.5446509375284764
67,1746550236429345389,0.3191757798194885,-1.5069301128387451,0.34941375255584717,0.9936814904212952,-0.04171893000602722,0.006118973717093468,0.8724492788314819,-1.4589303731918335,0.3500002324581146,1.08567214012146,0.07653284072875977,-0.009857342578470707,0.30014514923095703,-1.5060731172561646,0.3480060398578644,1.5669485264879768e-06,1.3142619081918383e-06,1.6763684698162251e-06,0.994575696146897,0.5532734990119934,0.04799973964691162,0.0005864799022674561,0.5553520358059574
68,1746550236530549822,0.42012250423431396,-1.512243390083313,0.3518867790699005,1.0152660608291626,-0.059438638389110565,-0.00772504135966301,0.9765989184379578,-1.4539167881011963,0.3500005006790161,1.0851662158966064,0.09582781791687012,-0.014858724549412727,0.39806267619132996,-1.5086535215377808,0.35381844639778137,1.3296181577970856e-06,1.0001335795095656e-06,1.0926573850156274e-06,1.0170338255284948,0.5564764142036438,0.0583266019821167,-0.0018862783908843994,0.5595279708020802
69,1746550236628997967,0.5314321517944336,-1.5140577554702759,0.35496625304222107,1.0659301280975342,-0.03989771381020546,-0.006497789174318314,1.0280649662017822,-1.4506778717041016,0.35000142455101013,0.9681088924407959,0.10593318939208984,-0.021029699593782425,0.5093581676483154,-1.5118627548217773,0.3568046987056732,1.305583509747521e-06,1.0755126140793436e-06,1.206733145409089e-06,1.0666963423662146,0.49663281440734863,0.06337988376617432,-0.0049648284912109375,0.500685341840886
70,1746550236729569424,0.635296642780304,-1.5130542516708374,0.35545891523361206,1.0507757663726807,0.014395374804735184,-0.004305862355977297,1.0670729875564575,-1.4480094909667969,0.3500002324581146,0.8475881814956665,0.1142282485961914,-0.0190916508436203,0.6143909692764282,-1.5130935907363892,0.355812132358551,1.7308926771875122e-06,1.2732183449770673e-06,1.678700755292084e-06,1.0508831897325657,0.43177634477615356,0.06504476070404053,-0.0054586827754974365,0.4366822987263684
71,1746550236828894712,0.7331787347793579,-1.5066806077957153,0.3577355742454529,0.9799724221229553,0.05868275463581085,0.014340346679091454,1.1110750436782837,-1.4579108953475952,0.3500007092952728,0.7407770156860352,0.07930397987365723,-0.023478573188185692,0.7131754755973816,-1.5065032243728638,0.35655519366264343,1.5142297797865467e-06,1.2165284033471835e-06,1.5979359204720822e-06,0.9818326025122893,0.3778963088989258,0.04876971244812012,-0.007734864950180054,0.3811088207684285
72,1746550236927835496,0.8287979364395142,-1.5019440650939941,0.36310654878616333,0.9070726037025452,0.0680641457438469,0.02771552838385105,1.1553630828857422,-1.4467976093292236,0.3500005006790161,0.6347740888595581,0.09085679054260254,-0.033976566046476364,0.8107597231864929,-1.5030667781829834,0.3626076579093933,2.427523668302456e-06,1.2906745041618706e-06,1.9680253444676055e-06,0.9100448268284097,0.326565146446228,0.05514645576477051,-0.013106048107147217,0.33144787667723713
73,1746550237028492636,0.9071496725082397,-1.49183189868927,0.3594287633895874,0.7848605513572693,0.08470621705055237,-0.01473348680883646,1.2074370384216309,-1.4459012746810913,0.3500009775161743,0.5799293518066406,0.07005810737609863,-0.028478797525167465,0.8911678194999695,-1.4930917024612427,0.3599647283554077,1.2723211284537683e-06,1.0567907793301856e-06,1.3734130561715574e-06,0.7895557636528265,0.3002873659133911,0.04593062400817871,-0.009427785873413086,0.3039259901611879
74,1746550237128237533,0.9725445508956909,-1.4843679666519165,0.3567851185798645,0.6962858438491821,0.08043930679559708,-0.029072793200612068,1.254409909248352,-1.4322501420974731,0.3500003516674042,0.521178126335144,0.07217860221862793,-0.022046279162168503,0.9647365212440491,-1.4839874505996704,0.35673755407333374,1.0909860748142819e-06,1.0394184073447832e-06,1.1518930023157736e-06,0.7015195547716466,0.28186535835266113,0.05211782455444336,-0.006784766912460327,0.2867235270040082
75,1746550237228546262,1.0393686294555664,-1.4775750637054443,0.35295984148979187,0.6224812865257263,0.06368665397167206,-0.04002103954553604,1.3046091794967651,-1.4307680130004883,0.3500002324581146,0.4991335868835449,0.06056571006774902,-0.018053138628602028,1.031806230545044,-1.477147102355957,0.35294151306152344,1.268069581783493e-06,1.235016839018499e-06,1.512364178779535e-06,0.6270092707250318,0.26524055004119873,0.046807050704956055,-0.002959609031677246,0.2693551719709023
76,1746550237332446858,1.1075327396392822,-1.470739483833313,0.35100382566452026,0.5693452954292297,0.055036190897226334,-0.02441304177045822,1.329908013343811,-1.4087176322937012,0.3500005304813385,0.42243075370788574,0.09173226356506348,-0.013756620697677135,1.0954221487045288,-1.4722394943237305,0.3521055281162262,1.0930579037449206e-06,1.0487480039955699e-06,1.149607101069705e-06,0.5725199073782142,0.2223752737045288,0.062021851539611816,-0.0010032951831817627,0.230864633551331
77,1746550237432333180,1.1627596616744995,-1.4662541151046753,0.34760338068008423,0.5485877394676208,0.0470392182469368,-0.03850550577044487,1.328160047531128,-1.3591806888580322,0.35000044107437134,0.3078427314758301,0.17722058296203613,-0.014184076339006424,1.1522284746170044,-1.4654879570007324,0.35224899649620056,2.205628334195353e-06,2.0755182958964724e-06,2.1186438061704393e-06,0.5519455316624231,0.16540038585662842,0.10707342624664307,0.0023970603942871094,0.19704758853700985
78,1746550237531042048,1.2187347412109375,-1.4623239040374756,0.3491290211677551,0.4937184751033783,0.05787666141986847,-0.011996098794043064,1.3280904293060303,-1.3063960075378418,0.35000085830688477,0.18386602401733398,0.2736387252807617,-0.007634410634636879,1.2082655429840088,-1.4631445407867432,0.34916818141937256,1.2181725423943135e-06,1.132063857767207e-06,1.3434403172141174e-06,0.4972439511766752,0.10935568809509277,0.1559278964996338,0.0008718371391296387,0.19045454976331988
79,1746550237630393462,1.2665055990219116,-1.4567344188690186,0.3507336378097534,0.40845224261283875,0.10549969226121902,0.004739620257169008,1.322144627571106,-1.2608755826950073,0.35000061988830566,0.08563065528869629,0.36396145820617676,-0.010895191691815853,1.257948875427246,-1.4587706327438354,0.3507399559020996,1.0000002248489182e-06,1.015847146845772e-06,1.2740932788801729e-06,0.4218837322804132,0.055639028549194336,0.19585883617401123,-0.0007330179214477539,0.20360973090844503
80,1746550237730956657,1.3008272647857666,-1.4383031129837036,0.3507540225982666,0.29438018798828125,0.2012350708246231,-0.00564996525645256,1.3206110000610352,-1.21114981174469,0.3500003516674042,0.01286768913269043,0.4326479434967041,-0.01173632312566042,1.29452645778656,-1.4420933723449707,0.35214635729789734,1.0000202337323572e-06,1.0000202337323572e-06,1.0000809425037005e-06,0.3566331040680408,0.019783735275268555,0.22715330123901367,-0.0007536709308624268,0.22801444354491235
81,1746550237828227094,1.3273473978042603,-1.4154592752456665,0.3506992757320404,0.1935499906539917,0.2849588990211487,-0.018813109025359154,1.3238799571990967,-1.1570388078689575,0.3500002920627594,-0.04203462600708008,0.48381662368774414,-0.007890095002949238,1.321704626083374,-1.4180102348327637,0.35182198882102966,1.2641122566492413e-06,1.0000202337323572e-06,1.1664531029964564e-06,0.34498855935335815,-0.0034674406051635742,0.258420467376709,-0.0006989836692810059,0.2584446743148656
82,1746550237931088678,1.3453444242477417,-1.3845781087875366,0.347055584192276,0.11212482303380966,0.3654688894748688,-0.04031031206250191,1.3277263641357422,-1.1089556217193604,0.35000115633010864,-0.0768589973449707,0.5121352672576904,-0.005773044191300869,1.341037631034851,-1.389708161354065,0.34805625677108765,1.0332091733289417e-06,1.0000202337323572e-06,1.2752948350680526e-06,0.38440136104459005,-0.01761806011199951,0.27562248706817627,0.0029455721378326416,0.2762007020537352
83,1746550238028844513,1.353874683380127,-1.3438173532485962,0.34158867597579956,0.03511088341474533,0.44252389669418335,-0.04385584220290184,1.3252284526824951,-1.0606127977371216,0.35000038146972656,-0.09820199012756348,0.536329984664917,0.002269498072564602,1.3518942594528198,-1.3515968322753906,0.3441482186317444,1.04677303625067e-06,1.0000202337323572e-06,1.0422799050502363e-06,0.44607567539027937,-0.028646230697631836,0.2832045555114746,0.008411705493927002,0.2847739166162351
84,1746550238127193804,1.3564788103103638,-1.2977839708328247,0.3404625654220581,-0.024908723309636116,0.5054279565811157,-0.004578213673084974,1.3242130279541016,-1.009548544883728,0.35000038146972656,-0.10827016830444336,0.5510048866271973,0.009864768013358116,1.3568476438522339,-1.307732343673706,0.3405884802341461,1.1108979833807098e-06,1.0000202337323572e-06,1.1458624840088305e-06,0.506062075076877,-0.03226578235626221,0.2882354259490967,0.009537816047668457,0.2901925419752858
85,1746550238228394182,1.3523582220077515,-1.2451668977737427,0.3419169485569,-0.06590864062309265,0.544036865234375,0.00954977236688137,1.3239638805389404,-0.9578958749771118,0.3500005006790161,-0.10147643089294434,0.5487082004547119,0.003991172648966312,1.3532989025115967,-1.2557181119918823,0.343723326921463,4.116750005778158e-06,3.732943014256307e-06,3.119211896773777e-06,0.5480978542150012,-0.028394341468811035,0.28727102279663086,0.008083552122116089,0.28878404211621667
86,1746550238327923031,1.3545384407043457,-1.1980234384536743,0.3411242365837097,-0.04578651860356331,0.5273589491844177,-0.0051564243622124195,1.3247746229171753,-0.9048962593078613,0.3500002920627594,-0.1069328784942627,0.5550036430358887,0.009502463042736053,1.3554577827453613,-1.2084485292434692,0.34116512537002563,7.463529072992969e-06,1.6556481341467588e-06,1.6605453083684552e-06,0.529367977198216,-0.02976381778717041,0.293127179145813,0.008876055479049683,0.29476806537363676
87,1746550238428782138,1.3585760593414307,-1.1463708877563477,0.34003904461860657,-0.024390792474150658,0.5268433690071106,-0.004033719655126333,1.3247108459472656,-0.8540261387825012,0.3500003516674042,-0.11294364929199219,0.5501762628555298,0.01279216818511486,1.3582239151000977,-1.1566299200057983,0.33975470066070557,1.081345271813916e-05,1.9914493805117672e-06,2.028509697993286e-06,0.5274230911882184,-0.03386521339416504,0.29234474897384644,0.009961307048797607,0.2944682199642842
88,1746550238528368570,1.352384090423584,-1.101657509803772,0.3355150520801544,-0.048117879778146744,0.5066697597503662,-0.01583593338727951,1.3241746425628662,-0.804036557674408,0.35000044107437134,-0.1025996208190918,0.5562111139297485,0.018137119710445404,1.3528341054916382,-1.1103159189224243,0.33740168809890747,1.129436327573785e-06,1.0000204611060326e-06,1.1404397355363471e-06,0.5091957900317758,-0.028209447860717773,0.297620952129364,0.014485388994216919,0.2993055806183866
89,1746550238628490911,1.3496745824813843,-1.0501489639282227,0.33719056844711304,-0.052770499140024185,0.5282937288284302,0.0175175778567791,1.3239878416061401,-0.7533987164497375,0.35000061988830566,-0.09868121147155762,0.5565851926803589,0.02189670316874981,1.3505629301071167,-1.0613187551498413,0.3358815312385559,1.0705855402193265e-06,1.0721064427343663e-06,1.2914601938973647e-06,0.5312116857081577,-0.02568674087524414,0.2967502474784851,0.012810051441192627,0.2981352301444096
90,1746550238728568906,1.3443700075149536,-0.9998533129692078,0.3311260938644409,-0.062004148960113525,0.5536609292030334,-0.019717838615179062,1.323158621788025,-0.7036908268928528,0.35000094771385193,-0.08790016174316406,0.5443289279937744,0.03271026536822319,1.3452097177505493,-1.0058282613754272,0.3308340311050415,1.0708364470701781e-06,1.073673956852872e-06,1.1587758308451157e-06,0.5574708352675399,-0.02121138572692871,0.296162486076355,0.01887485384941101,0.2975204214019944
91,1746550238827850215,1.3417474031448364,-0.94112628698349,0.33414214849472046,-0.0477556437253952,0.5507237315177917,0.04882672801613808,1.3206700086593628,-0.6568495035171509,0.3500012457370758,-0.0780494213104248,0.5333267450332642,0.040533680468797684,1.3409721851348877,-0.9504942893981934,0.327486515045166,1.000020688479708e-06,1.000020688479708e-06,1.1885309731951565e-06,0.554942591024756,-0.021077394485473633,0.2842767834663391,0.015859097242355347,0.2854979109233667
92,1746550238928082017,1.3353967666625977,-0.8788614869117737,0.3311101496219635,-0.04873085394501686,0.5689275860786438,0.05061539635062218,1.315948724746704,-0.6149640679359436,0.35000133514404297,-0.057195425033569336,0.5143038034439087,0.04838402941823006,1.3323066234588623,-0.8907023072242737,0.3241388201713562,1.3916456964579993e-06,1.4995886203905684e-06,1.8425753296469338e-06,0.5732496948758139,-0.019448041915893555,0.2638974189758301,0.018891185522079468,0.26528654501669846
93,1746550239027455268,1.338112473487854,-0.8341552019119263,0.349078506231308,-0.007917018607258797,0.5240909457206726,0.12122088670730591,1.3115595579147339,-0.5727489590644836,0.35000044107437134,-0.061617374420166016,0.5114691257476807,0.009470151737332344,1.3364181518554688,-0.839336097240448,0.35364916920661926,1.1224684612898272e-06,1.0986803999912809e-06,1.5023410924186464e-06,0.5379855964095341,-0.026552915573120117,0.2614062428474426,0.0009219348430633545,0.2627529849286288
94,1746550239125909130,1.3305591344833374,-0.7814998030662537,0.3584066331386566,-0.03327397629618645,0.5097008347511292,0.055755093693733215,1.3091758489608765,-0.5268663167953491,0.35000112652778625,-0.050958871841430664,0.51149582862854,-0.015812797471880913,1.331849455833435,-0.7873797416687012,0.35638678073883057,1.1719826034095604e-06,1.1956209391428274e-06,1.3206581570557319e-06,0.5138197436040717,-0.021383285522460938,0.25463348627090454,-0.008405506610870361,0.2556679678246679
95,1746550239226333575,1.3316971063613892,-0.7357437014579773,0.36574581265449524,-0.01924736611545086,0.4769805371761322,0.025244668126106262,1.3145029544830322,-0.48215073347091675,0.3500003516674042,-0.048078298568725586,0.5044170618057251,-0.029733404517173767,1.3358690738677979,-0.7392105460166931,0.3630876839160919,1.7371505691698985e-06,1.1380230944268988e-06,1.6081166904768907e-06,0.4780357593486193,-0.017194151878356934,0.25359296798706055,-0.015745460987091064,0.2546624271717332
96,1746550239327101976,1.3238649368286133,-0.6813968420028687,0.3549330532550812,-0.0463714562356472,0.5037979483604431,-0.07576141506433487,1.3334115743637085,-0.45241791009902954,0.35000118613243103,0.008353710174560547,0.4656553268432617,-0.027448095381259918,1.3268725872039795,-0.6898083686828613,0.36166080832481384,1.1634232350843376e-06,1.227389930136269e-06,1.435783701708715e-06,0.511568643231929,0.009546637535095215,0.2289789319038391,-0.0049318671226501465,0.2292309160156303
97,1746550239428034507,1.3211950063705444,-0.6322504281997681,0.3473100960254669,-0.026723528280854225,0.48704993724823,-0.06852396577596664,1.3335890769958496,-0.4010698199272156,0.3500013053417206,0.013417243957519531,0.4663435220718384,0.01048460602760315,1.3241379261016846,-0.6399474740028381,0.34267547726631165,1.7642501006776001e-06,1.6092137684609042e-06,1.8669279597816058e-06,0.4925721492562772,0.012394070625305176,0.2311806082725525,0.002691209316253662,0.2315282471654729
98,1746550239526260570,1.322760820388794,-0.5879307985305786,0.3564448058605194,-8.693817653693259e-05,0.4577504098415375,0.03315277397632599,1.3351764678955078,-0.34386762976646423,0.35000133514404297,0.01736283302307129,0.4687597155570984,-0.009530112147331238,1.3209433555603027,-0.5908196568489075,0.3526090085506439,1.00006400316488e-06,1.0874178997255513e-06,1.1845072549476754e-06,0.4589493999240738,0.012415647506713867,0.24406316876411438,-0.00644347071647644,0.24446369252931127
99,1746550239626452566,1.3233051300048828,-0.5389357805252075,0.35149699449539185,0.015591328963637352,0.4672423005104065,-0.028141267597675323,1.3356730937957764,-0.28893131017684937,0.35000118613243103,0.013672590255737305,0.4761676788330078,-0.014060517773032188,1.3220465183258057,-0.5444130301475525,0.3549100458621979,1.2005299367956468e-06,1.2439321608326281e-06,1.4983470464358106e-06,0.4683485751735702,0.012367963790893555,0.25000447034835815,-0.0014958083629608154,0.25031468028294834
100,1746550239726853498,1.319482445716858,-0.4856696128845215,0.34808123111724854,0.001960539259016514,0.5004712343215942,-0.06698160618543625,1.3369452953338623,-0.22678984701633453,0.35000079870224,0.014948844909667969,0.4713326394557953,-0.0021190200932323933,1.3211324214935303,-0.49370327591896057,0.35716336965560913,1.179584387500654e-06,1.3470793192027486e-06,1.5995433386706281e-06,0.5049374571813297,0.017462849617004395,0.25887976586818695,0.001919567584991455,0.25947517999305203
101,1746550239826254222,1.3126089572906494,-0.4145948588848114,0.3333795964717865,-0.01904744654893875,0.5977293848991394,-0.07492353022098541,1.3365328311920166,-0.17000171542167664,0.3500004708766937,0.027918338775634766,0.4338081479072571,0.028105510398745537,1.3126740455627441,-0.4259852468967438,0.33467331528663635,1.1684820719892741e-06,2.5155713956337422e-06,1.8031453237199457e-06,0.6027078547461557,0.023923873901367188,0.24459314346313477,0.016620874404907227,0.24632176322365396
102,1746550239925726372,1.3101147413253784,-0.35229313373565674,0.32078248262405396,-0.00755882915109396,0.5887728929519653,-0.03850632160902023,1.3352344036102295,-0.12037347257137299,0.35000020265579224,0.03421640396118164,0.408829003572464,0.0550127774477005,1.3102997541427612,-0.3635880649089813,0.3215264081954956,3.406692030694103e-06,5.712071015295805e-06,2.85051442006079e-06,0.5900791406049015,0.025119662284851074,0.23191966116428375,0.02921772003173828,0.23509870657175932
103,1746550240026263359,1.3327035903930664,-0.3337508738040924,0.347635954618454,0.0789039358496666,0.4146489202976227,0.09140787273645401,1.3338618278503418,-0.07297065109014511,0.3500003218650818,-0.009202718734741211,0.47882533073425293,-0.006902084685862064,1.3310339450836182,-0.34302979707717896,0.3521909713745117,1.3801580962535809e-06,1.4775583849768736e-06,1.7925013935382594e-06,0.4318737748402377,0.0011582374572753906,0.2607802227139473,0.0023643672466278076,0.2607935127744176
104,1746550240127047956,1.340370535850525,-0.2926711142063141,0.3542599380016327,0.06881089508533478,0.4022616744041443,0.060378242284059525,1.3327367305755615,-0.023444727063179016,0.35000041127204895,-0.02537393569946289,0.49344602227211,-0.008303971961140633,1.3388066291809082,-0.3009883761405945,0.3528877794742584,4.099947545910254e-06,4.3485083551786374e-06,2.2497802092402708e-06,0.41254687747961843,-0.007633805274963379,0.26922638714313507,-0.00425952672958374,0.26936827223168164
105,1746550240226402456,1.3533307313919067,-0.2487504631280899,0.3857201635837555,0.07292395830154419,0.4278835654258728,0.13718007504940033,1.3316137790679932,0.02530047856271267,0.3500005900859833,-0.05189824104309082,0.5032461881637573,-0.0688905268907547,1.3519200086593628,-0.25713884830474854,0.3828071057796478,7.124064723029733e-06,4.2198253140668385e-06,2.3380430320685264e-06,0.45521491874331366,-0.021716952323913574,0.2740509416908026,-0.03571957349777222,0.2772209093678137
106,1746550240328004727,1.3364673852920532,-0.21657614409923553,0.4055796265602112,-0.03049664944410324,0.40853825211524963,0.04635276272892952,1.33059561252594,0.07274029403924942,0.3500008285045624,-0.020278215408325195,0.5367283225059509,-0.11656263470649719,1.336250901222229,-0.2243170589208603,0.40543481707572937,1.082538688024215e-06,1.929053723870311e-06,1.464468368794769e-06,0.41228888862217017,-0.005871772766113281,0.28931643813848495,-0.055578798055648804,0.2946650333613869
107,1746550240426068400,1.3338264226913452,-0.16851362586021423,0.3929482400417328,-0.03215903788805008,0.46491333842277527,-0.1421959549188614,1.329827070236206,0.11899757385253906,0.35000118613243103,-0.015489578247070312,0.5423707962036133,-0.09932897984981537,1.3347300291061401,-0.17825357615947723,0.396310031414032,1.0880814897973323e-06,2.1354833279474406e-06,1.6899756474231253e-06,0.48723536977171705,-0.00399935245513916,0.2875111997127533,-0.04294705390930176,0.2907286264195798
108,1746550240525540769,1.3290284872055054,-0.10962626338005066,0.36463433504104614,-0.03172428160905838,0.5496669411659241,-0.23864485323429108,1.3291876316070557,0.1663752645254135,0.35000112652778625,-0.003977537155151367,0.5276790261268616,-0.049013108015060425,1.3293853998184204,-0.12042271345853806,0.3695576786994934,1.0785726090034586e-06,1.6909380065044388e-06,1.3258654689707328e-06,0.6000762803423666,0.00015914440155029297,0.2760015279054642,-0.014633208513259888,0.2763892174533656
109,1746550240626023831,1.3243504762649536,-0.04478229209780693,0.33313116431236267,-0.02619708888232708,0.6263890266418457,-0.2014283537864685,1.3323028087615967,0.19135238230228424,0.3500013053417206,0.013363838195800781,0.4913526773452759,0.022849611937999725,1.325964093208313,-0.05746353417634964,0.33602428436279297,1.0000204611060326e-06,1.0201124496234115e-06,1.1206184353795834e-06,0.6585004797814153,0.007952332496643066,0.23613467440009117,0.01687014102935791,0.2368700608023831
110,1746550240725738378,1.3153992891311646,0.03215830400586128,0.3014271557331085,-0.032573431730270386,0.6686079502105713,-0.14917021989822388,1.334561824798584,0.2304069697856903,0.3500010073184967,0.03535819053649902,0.4439919888973236,0.07479479908943176,1.3167500495910645,0.01746472902595997,0.3094404935836792,1.3658453781317803e-06,2.528720870031975e-06,2.002999735850608e-06,0.6858202199147768,0.019162535667419434,0.19824866577982903,0.048573851585388184,0.2050101346629644
111,1746550240824839596,1.3048979043960571,0.11095786839723587,0.30000030994415283,-0.04482095688581467,0.6616034507751465,0.038703661412000656,1.3477228879928589,0.26372793316841125,0.35000136494636536,0.08308935165405273,0.35183441638946533,0.09564618766307831,1.3056350946426392,0.09800241887569427,0.2993227243423462,1.2992076108275796e-06,3.967989869124722e-06,1.718324369903712e-06,0.6642484607889103,0.04282498359680176,0.15277006477117538,0.050001055002212524,0.16635136732708194
112,1746550240927294322,1.3171145915985107,0.1371403932571411,0.339426189661026,0.04254870116710663,0.42462387681007385,0.24772624671459198,1.3455591201782227,0.326288640499115,0.3500012457370758,0.056833744049072266,0.399309366941452,0.022688306868076324,1.3166918754577637,0.12778687477111816,0.3335757851600647,1.1106782267233939e-06,3.0858591344440356e-06,1.656442805142433e-06,0.4934411029084661,0.028444528579711914,0.18914824724197388,0.010575056076049805,0.19156717477648547
113,1746550241025595589,1.337386965751648,0.13866566121578217,0.3868863880634308,0.11264530569314957,0.22150899469852448,0.2644716799259186,1.3419281244277954,0.3910052478313446,0.3500010073184967,0.012884140014648438,0.4939047694206238,-0.07295963913202286,1.3350433111190796,0.1342579871416092,0.3813030421733856,1.0832220596057596e-06,2.4441162622679258e-06,1.6014199673008989e-06,0.36290559255802546,0.004541158676147461,0.25233958661556244,-0.03688538074493408,0.25506160120279503
114,1746550241125828746,1.3483550548553467,0.1619061976671219,0.3986286222934723,0.10831911116838455,0.2341567575931549,0.06038656830787659,1.3403891324996948,0.4461716413497925,0.3500002324581146,-0.011013269424438477,0.5504757165908813,-0.10275618731975555,1.3461356163024902,0.15732692182064056,0.39713239669799805,1.2205765642647748e-06,4.612415068550035e-06,2.106759666276048e-06,0.2649697239362456,-0.007965922355651855,0.2842654436826706,-0.048628389835357666,0.28850479838134646
115,1746550241226268608,1.3607027530670166,0.1819116473197937,0.4027364253997803,0.09240178018808365,0.2798643112182617,-0.058555200695991516,1.3407069444656372,0.4865586459636688,0.35000061988830566,-0.03569436073303223,0.5961287021636963,-0.11613025516271591,1.3590724468231201,0.17578314244747162,0.40395602583885193,1.52616621562629e-06,5.806455646961695e-06,1.9734573015739443e-06,0.30048433104597455,-0.019995808601379395,0.3046469986438751,-0.05273580551147461,0.3098236455264322
116,1746550241325918957,1.371814250946045,0.20714600384235382,0.3956494927406311,0.06379760801792145,0.3627813458442688,-0.13838660717010498,1.3416738510131836,0.5414085388183594,0.35000020265579224,-0.057389020919799805,0.6637522578239441,-0.10618989169597626,1.3697481155395508,0.1990327388048172,0.39910534024238586,1.6636761301924707e-06,6.8785475377808325e-06,2.311244770680787e-06,0.393486076914343,-0.030140399932861328,0.33426253497600555,-0.04564929008483887,0.33870893652507594
117,1746550241424605392,1.3720002174377441,0.2583554685115814,0.37214720249176025,-2.9105165594955906e-05,0.5190885066986084,-0.19658999145030975,1.3434629440307617,0.5867412686347961,0.35000038146972656,-0.05645394325256348,0.663851797580719,-0.061887726187705994,1.3730186223983765,0.24576714634895325,0.37797340750694275,1.672307121225458e-06,7.381796422123443e-06,2.8527979338832665e-06,0.555068016888142,-0.028537273406982422,0.3283858001232147,-0.02214682102203369,0.33036660148606245
118,1746550241524699917,1.3587764501571655,0.3404146730899811,0.333789199590683,-0.08143538981676102,0.7006298303604126,-0.24341195821762085,1.3422625064849854,0.638365626335144,0.3500005304813385,-0.03227710723876953,0.6011025309562683,0.013713525608181953,1.3619054555892944,0.3239881992340088,0.3374963402748108,1.9915905795642175e-06,7.404302778013516e-06,2.1931373339612037e-06,0.7461657076741098,-0.016513943672180176,0.29795095324516296,0.016211330890655518,0.2988482694019752
119,1746550241624665107,1.332680344581604,0.4556449055671692,0.29816171526908875,-0.13339221477508545,0.8395221829414368,-0.11864158511161804,1.3405975103378296,0.6905109286308289,0.3500007092952728,0.021200180053710938,0.46740812063217163,0.09811364114284515,1.3337302207946777,0.44140374660491943,0.2967720627784729,1.0000202337323572e-06,1.490275622018089e-06,1.1555737273738487e-06,0.858292959502264,0.007917165756225586,0.23486602306365967,0.05183899402618408,0.24064914627938702
120,1746550241724601464,1.3217971324920654,0.5249856114387512,0.28412359952926636,-0.08953765779733658,0.7180192470550537,-0.038121547549963,1.3419053554534912,0.7369141578674316,0.35000088810920715,0.043554067611694336,0.4170926809310913,0.11066848039627075,1.3225153684616089,0.5174112319946289,0.2896316647529602,1.4011395705892937e-06,1.948959834408015e-06,1.9174885892425664e-06,0.7245839383349201,0.02010822296142578,0.21192854642868042,0.0658772885799408,0.22284045093448487
121,1746550241824334624,1.3179545402526855,0.5785515308380127,0.279723584651947,-0.026023874059319496,0.5293641686439514,0.034483395516872406,1.3381705284118652,0.7906394600868225,0.35000038146972656,0.04913043975830078,0.41154229640960693,0.13155923783779144,1.3179908990859985,0.5749174356460571,0.2811533510684967,4.487695150601212e-06,5.9414269344415516e-06,3.971404112235177e-06,0.5311240623729359,0.020215988159179688,0.21208792924880981,0.07027679681777954,0.2243408212547768
122,1746550241923615216,1.3214125633239746,0.6337651610374451,0.3033672273159027,0.035218171775341034,0.45306655764579773,0.17429377138614655,1.333156704902649,0.8483008742332458,0.3500002920627594,0.037756919860839844,0.4000636339187622,0.09407277405261993,1.3226258754730225,0.6310632824897766,0.301361083984375,7.1781255428504664e-06,6.346396276057931e-06,2.4293779006256955e-06,0.4867113559638985,0.011744141578674316,0.21453571319580078,0.04663306474685669,0.21985936374313322
123,1746550242028401919,1.3091869354248047,0.6954410672187805,0.36036479473114014,-0.005435036960989237,0.4597128927707672,0.34259912371635437,1.326865792274475,0.9435696005821228,0.35000020265579224,0.06019282341003418,0.4685499668121338,-0.004205439239740372,1.3096157312393188,0.6902305483818054,0.35483694076538086,1.0830252676896635e-06,2.3331303964369e-06,1.401097392772499e-06,0.5733582152351601,0.01767885684967041,0.24812853336334229,-0.0103645920753479,0.24897336367057976
